fecha,usd_cup
2025-10-01,435.0
2025-10-02,438.25
2025-10-03,445.0
2025-10-04,440.0
2025-10-05,445.0
2025-10-06,442.15
2025-10-07,447.0
2025-10-08,450.0
2025-10-09,450.0
2025-10-10,452.5
2025-10-11,455.0
2025-10-12,452.12
2025-10-13,455.0
2025-10-14,460.0
2025-10-15,460.0
2025-10-16,465.0
2025-10-17,468.0
2025-10-18,470.0
2025-10-19,470.0
2025-10-20,475.0
2025-10-21,470.0
2025-10-22,485.0
2025-10-23,479.62
2025-10-24,485.0
2025-10-25,490.0
2025-10-26,490.0
2025-10-27,490.0
2025-10-28,485.0
2025-10-29,485.0
2025-10-30,480.0
2025-10-31,470.0
2025-11-01,450.0
2025-11-02,440.0
2025-11-03,440.0
2025-11-04,420.0
2025-11-05,415.0
2025-11-06,410.0
2025-11-07,410.0
2025-11-08,415.0
2025-11-09,425.0
2025-11-10,435.0
2025-11-11,450.0
2025-11-12,460.0
2025-11-13,465.0
2025-11-14,465.0
2025-11-15,465.0
2025-11-16,460.0
2025-11-17,450.0
2025-11-18,440.0
2025-11-19,430.0
2025-11-20,437.5
2025-11-21,440.0
2025-11-22,440.0
2025-11-23,440.0
2025-11-24,440.0
2025-11-25,440.0
2025-11-26,440.0
2025-11-27,445.0
2025-11-28,445.0
2025-11-29,445.0
2025-11-30,445.11
2025-12-01,445.0
2025-12-02,450.0
2025-12-03,450.0
2025-12-04,450.0
2025-12-05,450.0
2025-12-06,450.0
2025-12-07,447.0
2025-12-08,445.0
2025-12-09,445.0
2025-12-10,432.0
2025-12-11,440.0
2025-12-12,440.0
2025-12-13,440.0
2025-12-14,440.0
2025-12-15,440.0
2025-12-16,440.0
2025-12-17,440.0
2025-12-18,435.0
2025-12-19,438.0
2025-12-20,440.0
2025-12-21,440.0
2025-12-22,440.0
2025-12-23,440.0
2025-12-24,440.0
2025-12-25,435.0
2025-12-26,435.0
2025-12-27,435.0
2025-12-28,436.22
2025-12-29,435.0
2025-12-30,435.0
2025-12-31,435.52
2026-01-01,435.39
2026-01-02,435.29
2026-01-03,440.0
2026-01-04,440.0
2026-01-05,440.0
2026-01-06,452.0
2026-01-07,445.0
2026-01-08,453.0
2026-01-09,448.86
2026-01-10,457.0
2026-01-11,460.0
2026-01-12,459.05
2026-01-13,470.0
2026-01-14,473.0
2026-01-15,468.32
2026-01-16,480.0
2026-01-17,480.0
2026-01-18,490.0
2026-01-19,485.0
2026-01-20,490.0
2026-01-21,490.0
2026-01-22,490.0
2026-01-23,490.0
2026-01-24,485.0
2026-01-25,488.64
2026-01-26,485.0
2026-01-27,485.0
2026-01-28,485.0
2026-01-29,480.0
2026-01-30,480.0
2026-01-31,485.0
2026-02-01,488.0
2026-02-02,490.0
2026-02-03,485.0
2026-02-04,490.0
2026-02-05,490.0
2026-02-06,490.0
2026-02-07,495.0
2026-02-08,492.26
2026-02-09,495.0
2026-02-10,498.5
2026-02-11,500.0
2026-02-12,499.0
2026-02-13,497.77
2026-02-14,500.0
2026-02-15,499.37
2026-02-16,500.0
2026-02-17,500.0
2026-02-18,500.0
2026-02-19,500.0
2026-02-20,502.5
2026-02-21,500.0
2026-02-22,505.0
2026-02-23,502.44
2026-02-24,508.0
2026-02-25,506.0
2026-02-26,505.0
2026-02-27,505.0
2026-02-28,507.74
2026-03-01,508.31
2026-03-02,508.73
2026-03-03,509.05
2026-03-04,510.0
2026-03-05,510.0
2026-03-06,510.0
2026-03-07,509.7
2026-03-08,509.78
2026-03-09,510.0
2026-03-10,510.0
2026-03-11,509.91
2026-03-12,510.0
2026-03-13,510.0
2026-03-14,511.08
2026-03-15,512.06
2026-03-16,511.67
2026-03-17,510.0
2026-03-18,513.03
2026-03-19,513.15
2026-03-20,515.0
2026-03-21,513.42
2026-03-22,514.38
2026-03-23,515.0
2026-03-24,514.65
2026-03-25,515.0
2026-03-26,515.0
2026-03-27,514.85
2026-03-28,514.89
2026-03-29,514.92
2026-03-30,515.06
2026-03-31,514.95
2026-04-01,513.72
2026-04-02,515.35
2026-04-03,515.57
2026-04-04,515.99
2026-04-05,517.65
2026-04-06,518.24
2026-04-07,518.68
2026-04-08,520.0
2026-04-09,519.26
2026-04-10,519.44
2026-04-11,520.96
2026-04-12,520.9
2026-04-13,522.74
2026-04-14,525.0
2026-04-15,523.59
2026-04-16,525.0
2026-04-17,524.71
2026-04-18,525.0
2026-04-19,524.55
2026-04-20,525.17
2026-04-21,525.75
2026-04-22,527.0
2026-04-23,530.0
2026-04-24,528.31
2026-04-25,528.73
2026-04-26,529.05
2026-04-27,530.0
2026-04-28,529.46
2026-04-29,530.0
2026-04-30,532.17
2026-05-01,532.88
2026-05-02,533.41
2026-05-03,534.68
2026-05-04,534.48
2026-05-05,538.0
2026-05-06,540.0
2026-05-07,540.0
2026-05-08,542.0
2026-05-09,545.0
2026-05-10,539.8
2026-05-11,541.48
2026-05-12,542.36
2026-05-13,545.0
2026-05-14,543.51
2026-05-15,546.0
2026-05-16,544.85
2026-05-17,546.14
2026-05-18,545.85
2026-05-19,547.83
2026-05-20,549.0
2026-05-21,548.78
2026-05-22,551.39
2026-05-23,554.01
2026-05-24,555.51
2026-05-25,556.63
2026-05-26,560.0
2026-05-27,559.35
2026-05-28,570.0
2026-05-29,575.0
2026-05-30,568.01
2026-05-31,580.0
2026-06-01,577.4
2026-06-02,590.0
2026-06-03,602.770870535
2026-06-04,602.5
2026-06-05,597.62
2026-06-06,615.0
2026-06-07,620.0
2026-06-08,614.52
2026-06-09,618.39
2026-06-10,624.73
2026-06-11,640.0
2026-06-12,650.0
2026-06-13,660.0
2026-06-14,648.33
2026-06-15,670.0
2026-06-16,670.0
2026-06-17,685.0
2026-06-18,672.75
2026-06-19,690.0
2026-06-20,690.0
2026-06-21,695.0
2026-06-22,687.43
2026-06-23,700.0
2026-06-24,690.0
2026-06-25,685.0
2026-06-26,650.0
2026-06-27,630.0
2026-06-28,610.0
2026-06-29,617.5
2026-06-30,620.0
2026-07-01,615.0
2026-07-02,630.0
2026-07-03,640.0
2026-07-04,652.5
2026-07-05,649.74
2026-07-06,670.0
2026-07-07,680.0
2026-07-08,680.0
2026-07-09,680.0
2026-07-10,680.0
2026-07-11,669.09
2026-07-12,670.0
2026-07-13,664.41
2026-07-14,660.0
2026-07-15,660.0
2026-07-16,661.87
2026-07-17,665.0
2026-07-18,660.0
2026-07-19,664.26
2026-07-20,670.0
2026-07-21,668.04
2026-07-22,667.59
2026-07-23,668.19
2026-07-24,670.44
2026-07-25,670.38
2026-07-26,672.4
2026-07-27,673.91
2026-07-28,673.52
2026-07-29,674.64
2026-07-30,675.0
2026-07-31,674.38
2026-08-01,674.55
2026-08-02,675.54
2026-08-03,674.76
2026-08-04,674.82
2026-08-05,675.0
2026-08-06,674.9
2026-08-07,674.92
2026-08-08,674.94
2026-08-09,674.95
2026-08-10,670.0
2026-08-11,672.78
2026-08-12,670.0
2026-08-13,670.81
2026-08-14,668.98
2026-08-15,669.24
2026-08-16,668.49
2026-08-17,665.0
2026-08-18,665.0
2026-08-19,670.0
2026-08-20,665.71
2026-08-21,665.53
2026-08-22,665.4
2026-08-23,665.0
2026-08-24,666.48
2026-08-25,670.0
2026-08-26,667.74
2026-08-27,668.3
2026-08-28,668.73
2026-08-29,671.23
2026-08-30,672.17
2026-08-31,672.88
2026-09-01,675.0
2026-09-02,674.37
2026-09-03,676.72
2026-09-04,677.92
2026-09-05,678.16
2026-09-06,679.56
2026-09-07,680.6
2026-09-08,682.64
2026-09-09,683.23
2026-09-10,685.48
2026-09-11,690.0
2026-09-12,687.46
2026-09-13,688.09
2026-09-14,689.82
2026-09-15,700.0
2026-09-16,693.02
2026-09-17,695.7
2026-09-18,698.03
2026-09-19,701.96
2026-09-20,703.97
2026-09-21,707.66
2026-09-22,711.12
2026-09-23,713.34
2026-09-24,720.0
2026-09-25,730.0
2026-09-26,722.27
2026-09-27,727.64
2026-09-28,731.35
2026-09-29,750.0
2026-09-30,741.74
